{
  "version": 1,
  "author": "Anonymous maker",
  "editor": "wokwi",
  "parts": [
    { "type": "wokwi-arduino-uno", "id": "uno", "top": 39, "left": -0.6, "attrs": {} },
    {
      "type": "wokwi-led",
      "id": "led1",
      "top": -99.6,
      "left": 186.2,
      "attrs": { "color": "red" }
    },
    {
      "type": "wokwi-led",
      "id": "led2",
      "top": -99.6,
      "left": 90.2,
      "attrs": { "color": "limegreen" }
    },
    {
      "type": "wokwi-resistor",
      "id": "r1",
      "top": -34.45,
      "left": 259.2,
      "attrs": { "value": "1000" }
    },
    {
      "type": "wokwi-resistor",
      "id": "r2",
      "top": -53.65,
      "left": 9.6,
      "attrs": { "value": "1000" }
    }
  ],
  "connections": [
    [ "led1:A", "uno:4", "green", [ "v76.8", "h9.6", "v-9.6" ] ],
    [ "led2:A", "uno:8", "green", [ "v86.4", "h38.4" ] ],
    [ "led1:C", "r1:1", "green", [ "v0" ] ],
    [ "r1:2", "uno:GND.3", "green", [ "v288", "h-135.6", "v9.6" ] ],
    [ "led2:C", "r2:2", "green", [ "v9.6", "h-47.6" ] ],
    [ "r2:1", "uno:GND.2", "green", [ "v0", "h-28.8", "v307.2", "h182.4" ] ]
  ],
  "dependencies": {}
}